{
  "b_c_transform": {
    "position": [
      -0.024965585353442815,
      -0.3956821226556178,
      0.23308297137405104
    ],
    "orientation": [
      0.576448712065953,
      -0.4912180671751937,
      0.45787202293658397,
      -0.4655801793999948
    ],
    "T": [
      [
        0.09811604218525526,
        -0.13997176717122822,
        0.9852822675055439,
        -0.024965585353442815
      ],
      [
        -0.992676321495441,
        -0.08387981406107115,
        0.08693616931611572,
        -0.3956821226556178
      ],
      [
        0.0704766841457617,
        -0.9865962097981342,
        -0.14717661432365836,
        0.23308297137405104
      ],
      [
        0.0,
        0.0,
        0.0,
        1.0
      ]
    ]
  }
}