{
  "b_c_transform": {
    "position": [
      0.8354990195574648,
      -0.4599968562078998,
      0.17710928407551563
    ],
    "orientation": [
      0.627566065902433,
      0.5061709697250104,
      -0.39787818990911467,
      -0.4377724618223857
    ],
    "T": [
      [
        0.17096779080457883,
        0.28695121888479314,
        -0.942565123738373,
        0.8354990195574648
      ],
      [
        0.9836716776925843,
        -0.10429244215522109,
        0.14667350481513894,
        -0.4599968562078998
      ],
      [
        -0.05621427766020423,
        -0.9522510616900521,
        -0.3000964353292286,
        0.17710928407551563
      ],
      [
        0.0,
        0.0,
        0.0,
        1.0
      ]
    ]
  }
}