{
  "b_c_transform": {
    "position": [
      0.42135735488309495,
      -0.5618359521555653,
      0.519337052720562
    ],
    "orientation": [
      0.8231148163332704,
      -0.041070350144723614,
      0.0479006281092248,
      -0.5643587115464578
    ],
    "T": [
      [
        0.9920375123314631,
        -0.013544953908258259,
        0.12521225319762194,
        0.42135735488309495
      ],
      [
        -0.12167750095621088,
        -0.35962494208122353,
        0.9251294432640917,
        -0.5618359521555653
      ],
      [
        0.03249861363586954,
        -0.9329986255384836,
        -0.3584095490567276,
        0.519337052720562
      ],
      [
        0.0,
        0.0,
        0.0,
        1.0
      ]
    ]
  }
}