{
  "b_c_transform": {
    "position": [
      0.42493666402365027,
      -0.5628435765116746,
      0.5180527272064702
    ],
    "orientation": [
      0.825115816562553,
      -0.02869652629087007,
      0.02948926822422756,
      -0.5634632034984611
    ],
    "T": [
      [
        0.9966137848768738,
        -0.014123680361102798,
        0.08100299652759427,
        0.42493666402365027
      ],
      [
        -0.08058815053089735,
        -0.36337145536417864,
        0.9281523233933796,
        -0.5628435765116746
      ],
      [
        0.01632524999506844,
        -0.9315372816369599,
        -0.3632792027257031,
        0.5180527272064702
      ],
      [
        0.0,
        0.0,
        0.0,
        1.0
      ]
    ]
  }
}