{
  "b_c_transform": {
    "position": [
      0.845,
      -0.45175349662794173,
      0.1785905584529347
    ],
    "orientation": [
      0.6285268376329661,
      0.5079579748059707,
      -0.4031973179217895,
      -0.42937702899292973
    ],
    "T": [
      [
        0.15882123730338438,
        0.29228310617613357,
        -0.943051642501858,
        0.845
      ],
      [
        0.984777772044837,
        -0.11522812560844325,
        0.1301353862528264,
        -0.45175349662794173
      ],
      [
        -0.0706296982000458,
        -0.9493645584878316,
        -0.30613457958775986,
        0.1785905584529347
      ],
      [
        0.0,
        0.0,
        0.0,
        1.0
      ]
    ]
  }
}
