{
  "b_c_transform": {
    "position": [
      0.9625,
      -0.398801720770939,
      0.680293959948606
    ],
    "orientation": [
      0.7935615443168155,
      0.32260521982576373,
      -0.16617763366590826,
      -0.4884372442718519
    ],
    "T": [
      [
        0.7366217324207399,
        0.34967950200441084,
        -0.5788891683244867,
        0.9625
      ],
      [
        0.6743488837939846,
        -0.31470986109857985,
        0.6679904836546098,
        -0.398801720770939
      ],
      [
        0.05140044991315783,
        -0.882429571810272,
        -0.467628104954637,
        0.680293959948606
      ],
      [
        0.0,
        0.0,
        0.0,
        1.0
      ]
    ]
  }
}
