{
  "b_c_transform": {
    "position": [
      0.42318603891791223,
      -0.565,
      0.5185430525222131
    ],
    "orientation": [
      0.8226926540619679,
      -0.03586637556366628,
      0.041207793877391284,
      -0.5658553859248491
    ],
    "T": [
      [
        0.9940310416553695,
        -0.012378703192906097,
        0.10839306219866705,
        0.42318603891791223
      ],
      [
        -0.10564931162331759,
        -0.35704257064753236,
        0.9280941901008329,
        -0.565
      ],
      [
        0.027212335053451133,
        -0.9340060869462596,
        -0.356219199887197,
        0.5185430525222131
      ],
      [
        0.0,
        0.0,
        0.0,
        1.0
      ]
    ]
  }
}
