{
  "b_c_transform": {
    "position": [
      -0.027,
      -0.3994298161819862,
      0.23625946039185908
    ],
    "orientation": [
      0.5752708753242831,
      -0.49697857577300303,
      0.44852058637581943,
      -0.47000531786710853
    ],
    "T": [
      [
        0.10368315763945736,
        -0.15018047906568435,
        0.9832068076094231,
        -0.027
      ],
      [
        -0.9934087221437197,
        -0.06421459279855159,
        0.09495049678910517,
        -0.3994298161819862
      ],
      [
        0.0488765136920904,
        -0.9865709856768127,
        -0.15584856954745868,
        0.23625946039185908
      ],
      [
        0.0,
        0.0,
        0.0,
        1.0
      ]
    ]
  }
}
